-- nb-am-testdata.sql — 资产行政管理系统测试数据
-- 前置：nb-am-setup.py 已执行（23 张表 + 种子数据已存在）
-- 种子数据已有：companies(13), asset_categories(23), consumable_categories(7)
--
-- 用法：psql "postgresql://nocobase:nocobase@localhost:5435/nocobase" -f nb-am-testdata.sql

BEGIN;

-- ═══════════════════════════════════════════════════════════════
-- M1 基础数据补充
-- ═══════════════════════════════════════════════════════════════

-- 部门（总部 + 各分公司主要部门）
INSERT INTO nb_am_departments (name, code, company_id, manager, sort) VALUES
  ('综合办公室', 'D001', 1, '王建国', 1),
  ('财务部',     'D002', 1, '李秀珍', 2),
  ('信息中心',   'D003', 1, '陈明达', 3),
  ('人力资源部', 'D004', 1, '赵小丽', 4),
  ('安全生产部', 'D005', 1, '刘安全', 5),
  -- 运行公司
  ('综合管理部', 'D101', 2, '张伟华', 1),
  ('运维中心',   'D102', 2, '周志强', 2),
  ('调度中心',   'D103', 2, '吴丽霞', 3),
  -- 台州分公司
  ('综合部', 'D201', 5, '林国庆', 1),
  ('运维部', 'D202', 5, '黄建峰', 2),
  -- 宁波分公司
  ('综合部', 'D301', 6, '陈志宏', 1),
  ('运维部', 'D302', 6, '杨海波', 2);

-- 场所
INSERT INTO nb_am_locations (name, location_type, resident_count, address, status, company_id, sort) VALUES
  ('集团总部大楼',   '办公楼',  120, '杭州市西湖区天目山路128号',   '启用', 1, 1),
  ('运行公司办公楼', '办公楼',  80,  '杭州市拱墅区莫干山路256号',   '启用', 2, 2),
  ('台州场站',       '门站',    15,  '台州市黄岩区天然气场站',       '启用', 5, 3),
  ('宁波LNG接收站',  'LNG站',   30,  '宁波市北仑区LNG接收站',       '启用', 6, 4),
  ('温州营业厅',     '营业厅',  8,   '温州市鹿城区燃气营业厅',       '启用', 7, 5),
  ('嘉兴综合仓库',   '仓库',    5,   '嘉兴市南湖区综合仓储中心',     '启用', 8, 6),
  ('杭州车队停车场', '停车场',  3,   '杭州市拱墅区停车场',           '启用', 2, 7);

-- 供应商
INSERT INTO nb_am_suppliers (name, supply_type, contact_person, contact_phone, address, bank_name, bank_account, cooperation_status) VALUES
  ('杭州明恒办公设备有限公司', '固定资产',     '张经理', '13800001001', '杭州市下城区朝晖路88号',  '工商银行杭州支行', '6222001001001', '合作中'),
  ('浙江永嘉印务有限公司',     '易耗品',       '林经理', '13800001002', '杭州市余杭区仓前街道',     '建设银行杭州支行', '6222001001002', '合作中'),
  ('浙江鑫盛汽修连锁',         '车辆服务',     '周师傅', '13800001003', '杭州市萧山区汽修城A栋12号','农业银行杭州支行', '6222001001003', '合作中'),
  ('联想(杭州)授权经销商',     '固定资产',     '王经理', '13800001004', '杭州市滨江区网商路599号',  '中国银行杭州支行', '6222001001004', '合作中'),
  ('得力办公文具杭州分销',     '易耗品',       '刘经理', '13800001005', '杭州市富阳区得力产业园',   '招商银行杭州支行', '6222001001005', '合作中'),
  ('华为(浙江)企业业务',       '固定资产',     '陈总监', '13800001006', '杭州市余杭区华为研究所',   '交通银行杭州支行', '6222001001006', '合作中'),
  ('杭州顺丰车务有限公司',     '车辆服务',     '孙经理', '13800001007', '杭州市西湖区天目山路',     '邮储银行杭州支行', '6222001001007', '合作中'),
  ('中国人保财险浙江分公司',   '车辆服务',     '赵经理', '13800001008', '杭州市上城区解放路',       '工商银行杭州支行', '6222001001008', '合作中');

-- ═══════════════════════════════════════════════════════════════
-- M2 固定资产
-- ═══════════════════════════════════════════════════════════════

-- 资产台账（覆盖各分类、各状态）
INSERT INTO nb_am_assets (asset_code, name, category_id, brand, model, serial_number, purchase_date, purchase_price, supplier_id, useful_years, salvage_value, status, company_id, department_id, custodian, location) VALUES
  -- 办公家具
  ('ZN-AC01-2024-001', '行政办公桌',     7,  '震旦', 'ZD-1600A',    NULL,              '2024-03-15', 3200.00,  1, 10, 320.00,  '在用', 1, 1, '王建国', '总部大楼5F-501'),
  ('ZN-AC01-2024-002', '行政办公桌',     7,  '震旦', 'ZD-1600A',    NULL,              '2024-03-15', 3200.00,  1, 10, 320.00,  '在用', 1, 2, '李秀珍', '总部大楼5F-502'),
  ('ZN-AC01-2024-003', '会议桌 12人',    10, '海沃氏', 'HW-CT3600', NULL,              '2024-06-20', 18000.00, 1, 10, 1800.00, '在用', 1, 1, '王建国', '总部大楼5F-会议室A'),
  ('ZN-AC01-2024-004', '人体工学椅',     8,  '西昊', 'M57',         NULL,              '2024-05-10', 1890.00,  1, 8,  189.00,  '在用', 1, 3, '陈明达', '总部大楼6F-601'),
  ('ZN-AC01-2024-005', '钢制文件柜',     9,  '震旦', 'WJ-900',      NULL,              '2024-01-20', 1200.00,  1, 10, 120.00,  '在库', 1, NULL, NULL,     '嘉兴综合仓库'),
  -- 电脑设备
  ('ZN-AC02-2024-001', '联想台式机',     11, '联想', 'M920t',       'PF2XK001',        '2024-02-28', 5800.00,  4, 5,  580.00,  '在用', 1, 3, '陈明达', '总部大楼6F-机房'),
  ('ZN-AC02-2024-002', 'ThinkPad 笔记本', 12, '联想', 'X1 Carbon G11', 'PF3YL002',     '2024-04-10', 12500.00, 4, 4,  1250.00, '在用', 1, 1, '王建国', '总部大楼5F-501'),
  ('ZN-AC02-2024-003', 'ThinkPad 笔记本', 12, '联想', 'T14s Gen4',  'PF3YL003',        '2024-04-10', 8900.00,  4, 4,  890.00,  '借用中', 2, 6, '张伟华', '运行公司3F-301'),
  ('ZN-AC02-2024-004', 'Dell 27寸显示器', 13, 'Dell', 'U2723QE',    'CN-08VKX-001',    '2024-05-15', 4200.00,  1, 5,  420.00,  '在用', 1, 3, '陈明达', '总部大楼6F-601'),
  ('ZN-AC02-2024-005', 'Dell 27寸显示器', 13, 'Dell', 'U2723QE',    'CN-08VKX-002',    '2024-05-15', 4200.00,  1, 5,  420.00,  '报修中', 2, 7, '周志强', '运行公司3F-302'),
  -- 打印设备
  ('ZN-AC03-2024-001', 'HP 激光打印机',  14, 'HP',   'M404dn',     'VND3R001',        '2024-01-10', 3500.00,  1, 5,  350.00,  '在用', 1, 1, '王建国', '总部大楼5F-公共区'),
  ('ZN-AC03-2024-002', '柯尼卡复印机',   15, '柯尼卡美能达', 'C258', 'A7VF001',       '2024-03-01', 28000.00, 1, 6,  2800.00, '在用', 1, 1, '王建国', '总部大楼5F-复印室'),
  -- 网络设备
  ('ZN-AC04-2024-001', '华为核心交换机', 17, '华为', 'S5735-L48T4X', 'HW210001',      '2024-06-01', 15000.00, 6, 6,  1500.00, '在用', 1, 3, '陈明达', '总部大楼6F-机房'),
  ('ZN-AC04-2024-002', '华为防火墙',     18, '华为', 'USG6320E',    'HW210002',        '2024-06-01', 22000.00, 6, 5,  2200.00, '在用', 1, 3, '陈明达', '总部大楼6F-机房'),
  -- 监控设备
  ('ZN-AC05-2024-001', '海康摄像头',     19, '海康威视', 'DS-2CD3T87FWD', 'HK001',     '2024-07-15', 1800.00,  1, 5,  180.00,  '在用', 5, 9, '林国庆', '台州场站'),
  ('ZN-AC05-2024-002', '海康 NVR 录像机', 20, '海康威视', 'DS-7608NI-K2',  'HK002',    '2024-07-15', 4500.00,  1, 6,  450.00,  '在用', 5, 9, '林国庆', '台州场站'),
  -- 服务器
  ('ZN-AC06-2024-001', 'Dell 机架服务器', 21, 'Dell', 'R750xs',     'DL-SRV-001',      '2024-08-01', 68000.00, 1, 5,  6800.00, '在用', 1, 3, '陈明达', '总部大楼6F-机房'),
  ('ZN-AC06-2024-002', 'UPS 不间断电源', 23, '施耐德', 'SRT3000UXLI', 'APC-UPS-001',  '2024-08-01', 18500.00, 1, 6,  1850.00, '在用', 1, 3, '陈明达', '总部大楼6F-机房'),
  -- 已报废
  ('ZN-AC02-2020-001', '联想台式机(旧)', 11, '联想', 'M720t',       'PF0OLD001',       '2020-01-15', 4200.00,  4, 5,  420.00,  '已报废', 1, 3, NULL,     '报废仓库');

-- 采购申请（覆盖各状态）
INSERT INTO nb_am_purchase_requests (request_no, category_id, asset_name, brand_model, quantity, estimated_price, total_price, reason, expected_date, status, company_id, department_id, applicant, supplier_id, actual_price, actual_quantity, actual_total, purchase_date, invoice_no) VALUES
  ('PR-2026-001', 12, 'ThinkPad 笔记本',  '联想 X1 Carbon G12', 3, 13500.00, 40500.00, '信息中心人员扩编，需配备新笔记本',     '2026-03-15', '已完成',   1, 3, '陈明达', 4, 12800.00, 3, 38400.00, '2026-03-10', 'FP-2026-00128'),
  ('PR-2026-002', 14, '激光打印机',        'HP M404dn',          2, 3500.00,  7000.00,  '台州分公司新办公室需配打印机',          '2026-03-20', '采购中',   5, 9, '林国庆', 1, NULL, NULL, NULL, NULL, NULL),
  ('PR-2026-003', 8,  '人体工学椅',        '西昊 M57',           10, 1890.00, 18900.00, '全员换新椅子，改善办公体验',            '2026-04-01', '待领导审批', 1, 1, '王建国', NULL, NULL, NULL, NULL, NULL, NULL),
  ('PR-2026-004', 17, '接入层交换机',      '华为 S5735-L24T',    5,  8000.00, 40000.00, '宁波 LNG 站网络扩容',                  '2026-04-15', '待行政审批', 6, 11, '陈志宏', NULL, NULL, NULL, NULL, NULL, NULL),
  ('PR-2026-005', 19, '室外防水摄像头',    '海康 DS-2CD3T87FWD', 8,  2200.00, 17600.00, '温州营业厅安防改造',                    '2026-05-01', '草稿',     7, NULL, '赵小丽', NULL, NULL, NULL, NULL, NULL, NULL);

-- 领用/借用记录
INSERT INTO nb_am_asset_transfers (transfer_type, asset_id, applicant, reason, expected_return_date, actual_return_date, status, company_id, department_id) VALUES
  ('领用', 1,  '王建国', '日常办公',                       NULL,         NULL,         '已发放', 1, 1),
  ('领用', 7,  '王建国', '出差办公需要',                   NULL,         NULL,         '已发放', 1, 1),
  ('借用', 8,  '张伟华', '运行公司临时借用笔记本',         '2026-04-30', NULL,         '已发放', 2, 6),
  ('领用', 11, '王建国', '办公室打印需求',                 NULL,         NULL,         '已发放', 1, 1),
  ('借用', 6,  '周志强', '临时借用台式机做系统测试',       '2026-03-15', '2026-03-10', '已归还', 2, 7),
  ('领用', 15, '林国庆', '台州场站安防配备',               NULL,         NULL,         '已发放', 5, 9),
  ('领用', 17, '陈明达', '机房服务器上架',                 NULL,         NULL,         '待审批', 1, 3);

-- 报修记录
INSERT INTO nb_am_repairs (repair_no, asset_id, fault_desc, repair_method, supplier_id, repair_content, repair_cost, repair_result, status, applicant, company_id) VALUES
  ('RP-2026-001', 10, 'Dell 显示器闪屏，无法正常显示',                '外部维修', 1, '更换排线',                 350.00,  '已修复',   '已完成', '周志强', 2),
  ('RP-2026-002', 5,  '文件柜锁芯损坏，无法上锁',                    '内部维修', NULL, '更换锁芯',              50.00,   '已修复',   '已完成', '王建国', 1),
  ('RP-2026-003', 12, '复印机经常卡纸，打印模糊',                    '外部维修', 1, NULL,                       NULL,    NULL,       '维修中', '王建国', 1),
  ('RP-2026-004', 19, '户外摄像头日间画面正常，夜间红外不亮',         '外部维修', 1, NULL,                       NULL,    NULL,       '待受理', '黄建峰', 5);

-- 报废记录
INSERT INTO nb_am_disposals (asset_id, reason, estimated_salvage, disposal_method, status, appraisal_remark, book_value, disposal_detail, applicant, company_id) VALUES
  (19, '使用超过 5 年，硬件老化频繁死机，维修不经济', 200.00, '变卖', '已报废', '经鉴定确已达使用寿命', 420.00, '已交由废品回收公司处理', '陈明达', 1),
  (5,  '文件柜变形严重，锁芯更换后仍有隐患',         30.00,  '销毁', '待行政鉴定', NULL, 120.00, NULL, '王建国', 1);

-- 盘点记录
INSERT INTO nb_am_inventories (task_name, scope, department_id, deadline, status, normal_count, abnormal_count, company_id) VALUES
  ('2025年度固定资产全面盘点', '全公司', NULL, '2025-12-31', '已完成', 156, 3, 1),
  ('2026Q1信息中心设备盘点',   '指定部门', 3,  '2026-03-31', '进行中', 12,  1, 1);

-- ═══════════════════════════════════════════════════════════════
-- M3 低值易耗品
-- ═══════════════════════════════════════════════════════════════

-- 物品目录
INSERT INTO nb_am_consumables (code, name, category_id, spec, unit, ref_price, status, current_stock, safe_stock, storage_location) VALUES
  ('CS-001', 'A4 复印纸',       1, '70g 500张/包',         '包', 25.00,   '启用', 200, 50,  '嘉兴综合仓库A区'),
  ('CS-002', 'A3 复印纸',       1, '70g 500张/包',         '包', 38.00,   '启用', 50,  20,  '嘉兴综合仓库A区'),
  ('CS-003', '农夫山泉桶装水',  2, '19L/桶',               '瓶', 15.00,   '启用', 80,  30,  '各楼层储水间'),
  ('CS-004', '怡宝矿泉水',      2, '550ml 24支/箱',        '箱', 28.00,   '启用', 30,  10,  '嘉兴综合仓库B区'),
  ('CS-005', '签字笔（黑色）',  3, '0.5mm 12支/盒',        '盒', 18.00,   '启用', 100, 30,  '各楼层文具柜'),
  ('CS-006', '便利贴（黄色）',  3, '76x76mm 100张/本',     '个', 3.50,    '启用', 200, 50,  '各楼层文具柜'),
  ('CS-007', '文件袋（透明）',  3, 'A4 加厚 10个/包',      '包', 8.00,    '启用', 60,  20,  '嘉兴综合仓库A区'),
  ('CS-008', 'HP 硒鼓 CF226A',  4, '适用 M404dn',          '个', 380.00,  '启用', 12,  5,   '嘉兴综合仓库A区'),
  ('CS-009', '柯美 TN324K 碳粉', 4, '适用 C258',            '个', 520.00,  '启用', 6,   3,   '嘉兴综合仓库A区'),
  ('CS-010', '垃圾袋（大号）',  5, '45x50cm 30只/卷',      '箱', 35.00,   '启用', 40,  15,  '嘉兴综合仓库B区'),
  ('CS-011', '抽纸',             5, '3层120抽 24包/箱',     '箱', 58.00,   '启用', 25,  10,  '嘉兴综合仓库B区'),
  ('CS-012', '洗手液',           5, '500ml/瓶',             '瓶', 12.00,   '启用', 50,  20,  '各楼层卫生间'),
  ('CS-013', '无线鼠标',         6, '罗技 M330 静音',       '个', 89.00,   '启用', 15,  5,   '嘉兴综合仓库A区'),
  ('CS-014', '计算器',           6, '卡西欧 DW-200',        '个', 68.00,   '启用', 8,   3,   '嘉兴综合仓库A区'),
  ('CS-015', '多功能插排',       6, '公牛 6位 3米',         '个', 45.00,   '启用', 20,  8,   '嘉兴综合仓库A区'),
  ('CS-016', 'U盘 64G',          6, '闪迪 CZ73',            '个', 45.00,   '启用', 10,  5,   '嘉兴综合仓库A区'),
  ('CS-017', '快递信封',         7, '中号 牛皮纸',          '个', 0.80,    '启用', 300, 100, '各楼层前台'),
  ('CS-018', '标签打印纸',       7, '50x30mm 1000张/卷',    '箱', 25.00,   '启用', 0,   5,   '嘉兴综合仓库A区');

-- 易耗品领用申请
INSERT INTO nb_am_consumable_requests (applicant, total_amount, status, remark, company_id, department_id) VALUES
  ('王建国', 450.00,  '已发放', '办公室月度领用',          1, 1),
  ('陈明达', 1280.00, '已发放', '信息中心耗材补充',        1, 3),
  ('张伟华', 230.00,  '待发放', '运行公司综合管理部领用',  2, 6),
  ('林国庆', 180.00,  '待审批', '台州分公司文具领用',      5, 9),
  ('赵小丽', 89.00,   '已驳回', '领用无线鼠标（库存不足）', 1, 4);

-- 出入库记录
INSERT INTO nb_am_stock_records (consumable_id, record_type, quantity, unit_price, request_id, operator, company_id) VALUES
  -- 入库
  (1,  '入库', 100, 24.50,  NULL, '后勤张经理', 1),
  (3,  '入库', 50,  14.80,  NULL, '后勤张经理', 1),
  (5,  '入库', 50,  17.50,  NULL, '后勤张经理', 1),
  (8,  '入库', 6,   370.00, NULL, '后勤张经理', 1),
  (13, '入库', 10,  85.00,  NULL, '后勤张经理', 1),
  -- 出库（关联领用申请）
  (1,  '出库', 10, 25.00, 1, '后勤张经理', 1),
  (5,  '出库', 5,  18.00, 1, '后勤张经理', 1),
  (8,  '出库', 2,  380.00, 2, '后勤张经理', 1),
  (9,  '出库', 1,  520.00, 2, '后勤张经理', 1),
  (1,  '出库', 5,  25.00,  3, '后勤张经理', 2),
  (6,  '出库', 10, 3.50,   3, '后勤张经理', 2);

-- ═══════════════════════════════════════════════════════════════
-- M4 车辆管理
-- ═══════════════════════════════════════════════════════════════

-- 车辆档案
INSERT INTO nb_am_vehicles (plate_number, brand, model, color, vehicle_type, seats, purchase_date, purchase_price, engine_no, vin, fuel_type, current_mileage, status, company_id) VALUES
  ('浙A·M2851', '丰田',   '凯美瑞 2.5G',     '珍珠白', '轿车',   5,  '2023-06-15', 198000.00, 'A25B-FKS-0012', 'LVGB34K09PE012345', '汽油', 32450, '可用',   1),
  ('浙A·K7723', '别克',   'GL8 艾维亚',       '暗夜蓝', '商务车', 7,  '2023-03-20', 368000.00, 'LFW-9B-00156',  'LSGUL84R2PA001234', '汽油', 28900, '使用中', 1),
  ('浙A·F5561', '比亚迪', '汉 EV 旗舰',       '极光蓝', '轿车',   5,  '2024-01-10', 278000.00, NULL,            'LGXCE4CB5P0012345', '电动', 15200, '可用',   1),
  ('浙D·E3392', '丰田',   '卡罗拉 1.8 混动',  '珍珠白', '轿车',   5,  '2022-08-20', 145000.00, '2ZR-FXE-0088',  'LVGB44K07NE054321', '混动', 48700, '可用',   5),
  ('浙D·B8817', '福田',   '欧马可 S3',        '白色',   '货车',   3,  '2022-05-10', 156000.00, 'ISF3.8-0045',   'LVBH3PEB5NC012345', '柴油', 62300, '维修中', 5),
  ('浙B·N1106', '大众',   '帕萨特 380TSI',    '墨晶黑', '轿车',   5,  '2023-09-01', 235000.00, 'EA888-Gen3-009','LSVNL4R48PA012345', '汽油', 21500, '可用',   6),
  ('浙C·L2208', '丰田',   '威尔法 2.5 混动',  '铂金白', '商务车', 7,  '2024-03-15', 580000.00, 'A25B-FKS-0199', 'JTMBA3FH0P1012345', '混动', 8600,  '使用中', 7),
  ('浙F·H0933', '五菱',   '宏光 MINIEV',      '牛油果绿','轿车',  4,  '2024-06-01', 42800.00,  NULL,            'LZW5ACAJ0PD012345', '电动', 5300,  '可用',   8),
  ('浙A·D6619', '福特',   '全顺 V348 中顶',   '白色',   '商务车', 15, '2021-11-20', 268000.00, 'PUMA-2.0TD-011','LFPMXXWJ7M0012345', '柴油', 78500, '可用',   2);

-- 司机
INSERT INTO nb_am_drivers (employee_name, driver_type, license_no, license_class, license_expiry, first_license_date, avg_rating, total_trips, total_mileage, company_id) VALUES
  ('老李', '专职', '330100198501150012', 'A2', '2028-01-15', '2005-03-20', 4.85, 326, 52000,  1),
  ('小王', '兼职', '330100199208200031', 'C1', '2027-08-20', '2012-06-15', 4.70, 89,  12500,  1),
  ('老孙', '专职', '331000198712100045', 'B1', '2027-12-10', '2007-09-01', 4.92, 218, 38000,  5),
  ('小赵', '兼职', '330200199505180056', 'C1', '2028-05-18', '2015-07-22', 4.60, 45,  6800,   6),
  ('老周', '专职', '330300198903250078', 'A1', '2029-03-25', '2009-11-08', 4.88, 412, 98000,  2);

-- 车辆保险
INSERT INTO nb_am_vehicle_insurance (vehicle_id, insurance_company, policy_no, insurance_type, start_date, end_date, premium) VALUES
  (1, '中国人保', 'PICC-2025-ZJ-00128', '交强险',   '2025-06-15', '2026-06-14', 950.00),
  (1, '中国人保', 'PICC-2025-ZJ-00129', '商业险',   '2025-06-15', '2026-06-14', 3200.00),
  (2, '太平洋保险', 'CPIC-2025-ZJ-00256', '交强险', '2025-03-20', '2026-03-19', 950.00),
  (2, '太平洋保险', 'CPIC-2025-ZJ-00257', '商业险', '2025-03-20', '2026-03-19', 5800.00),
  (3, '平安保险', 'PAIC-2025-ZJ-00312',   '交强险', '2025-01-10', '2026-01-09', 950.00),
  (3, '平安保险', 'PAIC-2025-ZJ-00313',   '商业险', '2025-01-10', '2026-01-09', 4200.00),
  (4, '中国人保', 'PICC-2025-TZ-00045',   '交强险', '2025-08-20', '2026-08-19', 950.00),
  (5, '中国人保', 'PICC-2025-TZ-00046',   '交强险', '2025-05-10', '2026-05-09', 1100.00),
  (6, '太平洋保险', 'CPIC-2025-NB-00078', '交强险', '2025-09-01', '2026-08-31', 950.00),
  (6, '太平洋保险', 'CPIC-2025-NB-00079', '商业险', '2025-09-01', '2026-08-31', 3800.00);

-- 车辆年检
INSERT INTO nb_am_vehicle_inspections (vehicle_id, inspection_date, valid_until, station, cost) VALUES
  (1, '2025-06-10', '2027-06-10', '杭州市机动车检测中心',  300.00),
  (2, '2025-03-15', '2027-03-15', '杭州市机动车检测中心',  300.00),
  (4, '2025-08-15', '2026-08-15', '台州市机动车安全检测站', 300.00),
  (5, '2025-05-05', '2026-05-05', '台州市机动车安全检测站', 350.00),
  (6, '2025-08-28', '2027-08-28', '宁波市机动车检测有限公司', 300.00),
  (9, '2025-11-15', '2026-11-15', '杭州市机动车检测中心',  350.00);

-- 用车申请（覆盖各状态）
INSERT INTO nb_am_vehicle_requests (request_no, use_date, depart_time, return_time, destination, purpose, passenger_count, passengers, need_driver, vehicle_id, driver_id, status, applicant, company_id, department_id, dispatch_remark) VALUES
  ('VR-2026-001', '2026-02-20', '09:00', '17:00', '杭州市发改委',   '参加天然气价格调整听证会',       3, '王建国、李秀珍、法务刘律师', TRUE,  2, 1, '已完成', '王建国', 1, 1, '安排GL8商务车'),
  ('VR-2026-002', '2026-02-25', '08:30', '12:00', '萧山国际机场',   '接省能源集团领导',               1, '赵小丽',                     TRUE,  1, 1, '已完成', '赵小丽', 1, 4, NULL),
  ('VR-2026-003', '2026-02-27', '14:00', '18:00', '余杭区华为研所', '网络设备验收',                   2, '陈明达、技术员小刘',         FALSE, 3, NULL, '已派车', '陈明达', 1, 3, '电动车已充满电'),
  ('VR-2026-004', '2026-02-28', '09:00', '11:30', '台州市政府',      '台州分公司天然气接驳协调',       2, '林国庆、运维黄建峰',         TRUE,  4, 3, '待派车', '林国庆', 5, 9, NULL),
  ('VR-2026-005', '2026-03-01', '08:00', '17:30', '宁波北仑港区',   'LNG 接收站安全检查',             4, '刘安全、技术组3人',           TRUE,  9, 5, '待审批', '刘安全', 1, 5, NULL),
  ('VR-2026-006', '2026-03-05', '13:30', '16:00', '西湖区法院',      '合同纠纷出庭',                   2, '法务刘律师、王建国',         TRUE,  1, 2, '已取消', '王建国', 1, 1, '案件延期，取消用车');

-- 行程记录
INSERT INTO nb_am_trips (request_id, vehicle_id, driver_id, start_mileage, end_mileage, distance, start_fuel, end_fuel, status, checkin_time) VALUES
  (1, 2, 1, 28600, 28680, 80,  '3/4', '1/2', '已完成', '2026-02-20 10:15:00'),
  (2, 1, 1, 32200, 32290, 90,  '满',  '3/4', '已完成', '2026-02-25 09:30:00'),
  (3, 3, NULL, 15100, NULL, NULL, '85%', NULL, '进行中', NULL);

-- 保养维修记录
INSERT INTO nb_am_vehicle_maintenance (vehicle_id, maint_type, current_mileage, plan_date, supplier_id, parts_cost, labor_cost, total_cost, next_maint_mileage, next_maint_date, use_insurance, insurance_amount, status, detail, company_id) VALUES
  (1, '常规保养', 30000, '2025-12-15', 3, 800.00,  300.00,  1100.00, 35000,  '2026-06-15', FALSE, NULL,    '已完成', '更换机油、机滤、空调滤芯',             1),
  (2, '大保养',   25000, '2025-11-20', 3, 2500.00, 500.00,  3000.00, 30000,  '2026-05-20', FALSE, NULL,    '已完成', '更换机油、机滤、空滤、刹车片、变速箱油', 1),
  (4, '常规保养', 45000, '2026-01-10', 3, 650.00,  250.00,  900.00,  50000,  '2026-07-10', FALSE, NULL,    '已完成', '更换机油、机滤',                       5),
  (5, '故障维修', 61000, '2026-02-20', 3, 3500.00, 800.00,  4300.00, NULL,   NULL,         FALSE, NULL,    '维修中', '发动机异响，检修中',                    5),
  (9, '常规保养', 75000, '2026-03-01', 7, 1200.00, 400.00,  1600.00, 80000,  '2026-09-01', FALSE, NULL,    '待审批', '全顺 V348 定期保养',                   2),
  (2, '事故维修', 28900, '2026-02-26', 3, 5200.00, 1800.00, 7000.00, NULL,   NULL,         TRUE,  5500.00, '已通过', '右后门板金 + 重新喷漆（倒车剐蹭）',     1);

-- 车辆费用记录（近 3 个月的日常费用）
INSERT INTO nb_am_vehicle_costs (vehicle_id, cost_type, amount, cost_date, remark, operator, company_id) VALUES
  -- 浙A·M2851 凯美瑞
  (1, '油费',   450.00, '2026-01-05', '95#汽油 56L',        '老李', 1),
  (1, '油费',   480.00, '2026-01-20', '95#汽油 60L',        '老李', 1),
  (1, '停车费', 80.00,  '2026-01-15', '市政府地下停车场',    '老李', 1),
  (1, '油费',   460.00, '2026-02-08', '95#汽油 57L',        '小王', 1),
  (1, '路桥费', 120.00, '2026-02-20', '杭甬高速',           '老李', 1),
  -- 浙A·K7723 GL8
  (2, '油费',   580.00, '2026-01-08', '95#汽油 72L',        '老李', 1),
  (2, '油费',   620.00, '2026-02-03', '95#汽油 77L',        '老李', 1),
  (2, '停车费', 50.00,  '2026-02-10', '萧山机场停车费',      '老李', 1),
  (2, '路桥费', 85.00,  '2026-02-15', '杭金衢高速',         '老李', 1),
  -- 浙A·F5561 比亚迪汉 EV
  (3, '电费',   120.00, '2026-01-12', '国网充电桩 80kWh',   '陈明达', 1),
  (3, '电费',   95.00,  '2026-02-01', '国网充电桩 63kWh',   '陈明达', 1),
  (3, '停车费', 30.00,  '2026-02-10', '华为研究所停车',      '陈明达', 1),
  -- 浙D·E3392 卡罗拉
  (4, '油费',   320.00, '2026-01-15', '92#汽油 45L',        '老孙', 5),
  (4, '油费',   310.00, '2026-02-10', '92#汽油 43L',        '老孙', 5),
  (4, '路桥费', 60.00,  '2026-02-18', '台金高速',           '老孙', 5),
  -- 浙D·B8817 欧马可（货车）
  (5, '油费',   680.00, '2026-01-08', '0#柴油 100L',        '老孙', 5),
  (5, '油费',   720.00, '2026-02-05', '0#柴油 106L',        '老孙', 5),
  (5, '路桥费', 200.00, '2026-01-20', '甬台温高速（运输）',  '老孙', 5),
  -- 浙B·N1106 帕萨特
  (6, '油费',   420.00, '2026-01-18', '95#汽油 52L',        '小赵', 6),
  (6, '油费',   400.00, '2026-02-12', '95#汽油 50L',        '小赵', 6),
  -- 浙A·D6619 全顺
  (9, '油费',   850.00, '2026-01-10', '0#柴油 125L',        '老周', 2),
  (9, '油费',   780.00, '2026-02-08', '0#柴油 115L',        '老周', 2),
  (9, '路桥费', 150.00, '2026-02-15', '杭宁高速',           '老周', 2),
  (9, '停车费', 40.00,  '2026-02-15', '湖州服务区',          '老周', 2);

COMMIT;

-- 验证
SELECT '部门' as 表, count(*) as 行数 FROM nb_am_departments
UNION ALL SELECT '场所', count(*) FROM nb_am_locations
UNION ALL SELECT '供应商', count(*) FROM nb_am_suppliers
UNION ALL SELECT '资产', count(*) FROM nb_am_assets
UNION ALL SELECT '采购申请', count(*) FROM nb_am_purchase_requests
UNION ALL SELECT '领用借用', count(*) FROM nb_am_asset_transfers
UNION ALL SELECT '报修', count(*) FROM nb_am_repairs
UNION ALL SELECT '报废', count(*) FROM nb_am_disposals
UNION ALL SELECT '盘点', count(*) FROM nb_am_inventories
UNION ALL SELECT '物品目录', count(*) FROM nb_am_consumables
UNION ALL SELECT '领用申请', count(*) FROM nb_am_consumable_requests
UNION ALL SELECT '出入库', count(*) FROM nb_am_stock_records
UNION ALL SELECT '车辆', count(*) FROM nb_am_vehicles
UNION ALL SELECT '司机', count(*) FROM nb_am_drivers
UNION ALL SELECT '车辆保险', count(*) FROM nb_am_vehicle_insurance
UNION ALL SELECT '年检', count(*) FROM nb_am_vehicle_inspections
UNION ALL SELECT '用车申请', count(*) FROM nb_am_vehicle_requests
UNION ALL SELECT '行程', count(*) FROM nb_am_trips
UNION ALL SELECT '保养维修', count(*) FROM nb_am_vehicle_maintenance
UNION ALL SELECT '车辆费用', count(*) FROM nb_am_vehicle_costs
ORDER BY 表;
